Workbook

Sheet Inputs
A1: Opening Range Breakout — Personal Position Sizer
A2: Generated: 2025-08-21 04:22 MT
A4: Edit the yellow cells only. Your changes auto-flow to the Sizer tab.
A6: Your fixed R ($ risk per trade): | B6: 50
A8: Primary options delta (e.g., 0.40): | B8: 0.4
A9: Secondary options delta (e.g., 0.50): | B9: 0.5
A11: Typical stop sizes you observe (in $):
A12: SPY | B12: Stops ($) | D12: AAPL | E12: Stops ($)
A13: SPY | B13: 0.1 | D13: AAPL | E13: 0.05
A14: SPY | B14: 0.15 | D14: AAPL | E14: 0.1
A15: SPY | B15: 0.2 | D15: AAPL | E15: 0.15
A16: SPY | B16: 0.3 | D16: AAPL | E16: 0.2
A17: SPY | B17: 0.4 | D17: AAPL | E17: 0.3
A18: SPY | B18: 0.5 | D18: AAPL | E18: 0.4
A19: SPY | B19: 0.75 | D19: AAPL | E19: 0.5
A20: SPY | B20: 1

Sheet Sizer
A1: Position Sizer (auto-calculated)
A2: Formulae: Shares = R ÷ Stop. Options ≈ Shares ÷ (Δ × 100). Always round down.
A5: Symbol | B5: Stop ($) | C5: R ($) | D5: Shares | E5: Contracts @ Primary Δ | F5: Contracts @ Secondary Δ
A6: SPY | B6: =Inputs!$B$13 -> 0 | C6: =Inputs!$B$6 -> 0 | D6: =FLOOR(Inputs!$B$6/Inputs!$B$13,1) -> 0 | E6: =FLOOR(Inputs!$B$6/Inputs!$B$13/(Inputs!$B$8*100),1) -> 0 | F6: =FLOOR(Inputs!$B$6/Inputs!$B$13/(Inputs!$B$9*100),1) -> 0
A7: AAPL | B7: =Inputs!$E$13 -> 0 | C7: =Inputs!$B$6 -> 0 | D7: =FLOOR(Inputs!$B$6/Inputs!$E$13,1) -> 0 | E7: =FLOOR(Inputs!$B$6/Inputs!$E$13/(Inputs!$B$8*100),1) -> 0 | F7: =FLOOR(Inputs!$B$6/Inputs!$E$13/(Inputs!$B$9*100),1) -> 0
A8: SPY | B8: =Inputs!$B$14 -> 0 | C8: =Inputs!$B$6 -> 0 | D8: =FLOOR(Inputs!$B$6/Inputs!$B$14,1) -> 0 | E8: =FLOOR(Inputs!$B$6/Inputs!$B$14/(Inputs!$B$8*100),1) -> 0 | F8: =FLOOR(Inputs!$B$6/Inputs!$B$14/(Inputs!$B$9*100),1) -> 0
A9: AAPL | B9: =Inputs!$E$14 -> 0 | C9: =Inputs!$B$6 -> 0 | D9: =FLOOR(Inputs!$B$6/Inputs!$E$14,1) -> 0 | E9: =FLOOR(Inputs!$B$6/Inputs!$E$14/(Inputs!$B$8*100),1) -> 0 | F9: =FLOOR(Inputs!$B$6/Inputs!$E$14/(Inputs!$B$9*100),1) -> 0
A10: SPY | B10: =Inputs!$B$15 -> 0 | C10: =Inputs!$B$6 -> 0 | D10: =FLOOR(Inputs!$B$6/Inputs!$B$15,1) -> 0 | E10: =FLOOR(Inputs!$B$6/Inputs!$B$15/(Inputs!$B$8*100),1) -> 0 | F10: =FLOOR(Inputs!$B$6/Inputs!$B$15/(Inputs!$B$9*100),1) -> 0
A11: AAPL | B11: =Inputs!$E$15 -> 0 | C11: =Inputs!$B$6 -> 0 | D11: =FLOOR(Inputs!$B$6/Inputs!$E$15,1) -> 0 | E11: =FLOOR(Inputs!$B$6/Inputs!$E$15/(Inputs!$B$8*100),1) -> 0 | F11: =FLOOR(Inputs!$B$6/Inputs!$E$15/(Inputs!$B$9*100),1) -> 0
A12: SPY | B12: =Inputs!$B$16 -> 0 | C12: =Inputs!$B$6 -> 0 | D12: =FLOOR(Inputs!$B$6/Inputs!$B$16,1) -> 0 | E12: =FLOOR(Inputs!$B$6/Inputs!$B$16/(Inputs!$B$8*100),1) -> 0 | F12: =FLOOR(Inputs!$B$6/Inputs!$B$16/(Inputs!$B$9*100),1) -> 0
A13: AAPL | B13: =Inputs!$E$16 -> 0 | C13: =Inputs!$B$6 -> 0 | D13: =FLOOR(Inputs!$B$6/Inputs!$E$16,1) -> 0 | E13: =FLOOR(Inputs!$B$6/Inputs!$E$16/(Inputs!$B$8*100),1) -> 0 | F13: =FLOOR(Inputs!$B$6/Inputs!$E$16/(Inputs!$B$9*100),1) -> 0
A14: SPY | B14: =Inputs!$B$17 -> 0 | C14: =Inputs!$B$6 -> 0 | D14: =FLOOR(Inputs!$B$6/Inputs!$B$17,1) -> 0 | E14: =FLOOR(Inputs!$B$6/Inputs!$B$17/(Inputs!$B$8*100),1) -> 0 | F14: =FLOOR(Inputs!$B$6/Inputs!$B$17/(Inputs!$B$9*100),1) -> 0
A15: AAPL | B15: =Inputs!$E$17 -> 0 | C15: =Inputs!$B$6 -> 0 | D15: =FLOOR(Inputs!$B$6/Inputs!$E$17,1) -> 0 | E15: =FLOOR(Inputs!$B$6/Inputs!$E$17/(Inputs!$B$8*100),1) -> 0 | F15: =FLOOR(Inputs!$B$6/Inputs!$E$17/(Inputs!$B$9*100),1) -> 0
A16: SPY | B16: =Inputs!$B$18 -> 0 | C16: =Inputs!$B$6 -> 0 | D16: =FLOOR(Inputs!$B$6/Inputs!$B$18,1) -> 0 | E16: =FLOOR(Inputs!$B$6/Inputs!$B$18/(Inputs!$B$8*100),1) -> 0 | F16: =FLOOR(Inputs!$B$6/Inputs!$B$18/(Inputs!$B$9*100),1) -> 0
A17: AAPL | B17: =Inputs!$E$18 -> 0 | C17: =Inputs!$B$6 -> 0 | D17: =FLOOR(Inputs!$B$6/Inputs!$E$18,1) -> 0 | E17: =FLOOR(Inputs!$B$6/Inputs!$E$18/(Inputs!$B$8*100),1) -> 0 | F17: =FLOOR(Inputs!$B$6/Inputs!$E$18/(Inputs!$B$9*100),1) -> 0
A18: SPY | B18: =Inputs!$B$19 -> 0 | C18: =Inputs!$B$6 -> 0 | D18: =FLOOR(Inputs!$B$6/Inputs!$B$19,1) -> 0 | E18: =FLOOR(Inputs!$B$6/Inputs!$B$19/(Inputs!$B$8*100),1) -> 0 | F18: =FLOOR(Inputs!$B$6/Inputs!$B$19/(Inputs!$B$9*100),1) -> 0
A19: AAPL | B19: =Inputs!$E$19 -> 0 | C19: =Inputs!$B$6 -> 0 | D19: =FLOOR(Inputs!$B$6/Inputs!$E$19,1) -> 0 | E19: =FLOOR(Inputs!$B$6/Inputs!$E$19/(Inputs!$B$8*100),1) -> 0 | F19: =FLOOR(Inputs!$B$6/Inputs!$E$19/(Inputs!$B$9*100),1) -> 0
A20: SPY | B20: =Inputs!$B$20 -> 0 | C20: =Inputs!$B$6 -> 0 | D20: =FLOOR(Inputs!$B$6/Inputs!$B$20,1) -> 0 | E20: =FLOOR(Inputs!$B$6/Inputs!$B$20/(Inputs!$B$8*100),1) -> 0 | F20: =FLOOR(Inputs!$B$6/Inputs!$B$20/(Inputs!$B$9*100),1) -> 0
A22: Notes:
A23: - Edit your R and deltas in the Inputs tab. Add/remove stop sizes to match your trades.
A24: - Contracts columns are rough for long options. Vertical spreads hard-cap risk and can use similar sizing.
A25: - Keep discipline: max 2 losses in a row or −2R → stop for the day.
